id,label,page_rank,modularity_class
lexpress.fr,lexpress.fr,6239664,39
elwatannews.com,elwatannews.com,2552243,8
qzwb.com,qzwb.com,4325141,0
lelab.europe1.fr,lelab.europe1.fr,2950420,39
sciagnij.pl,sciagnij.pl,2743878,49
jxnews.com.cn,jxnews.com.cn,3680662,7
news.day.az,news.day.az,2712555,16
brookings.edu,brookings.edu,2132891,44
perthnow.com.au,perthnow.com.au,5158135,15
rueconomics.ru,rueconomics.ru,5268130,16
talkingpointsmemo.com,talkingpointsmemo.com,3125292,44
mysanantonio.com,mysanantonio.com,2647961,18
nur.kz,nur.kz,3696968,16
polit.ru,polit.ru,3176539,16
echo.msk.ru,echo.msk.ru,2125804,16
kcby.com,kcby.com,2383695,57
capitolfax.com,capitolfax.com,2125804,31
alsumaria.tv,alsumaria.tv,2189654,8
yourtango.com,yourtango.com,3661140,44
alt.kp.ru,alt.kp.ru,2125804,3
globenewswire.com,globenewswire.com,4817689,28
volgograd.kp.ru,volgograd.kp.ru,32524866,3
bjd.com.cn,bjd.com.cn,2125804,7
sofrep.com,sofrep.com,2552922,60
gs24.pl,gs24.pl,2125804,42
expresso.sapo.pt,expresso.sapo.pt,2144883,53
dailybulletin.com,dailybulletin.com,2125804,51
nj.com,nj.com,2180314,44
collider.com,collider.com,2125804,20
hebnews.cn,hebnews.cn,5469800,17
gawker.com,gawker.com,2340651,40
sfgate.com,sfgate.com,8566276,18
fedpress.ru,fedpress.ru,2125804,16
al.com,al.com,2125804,44
wnmufm.org,wnmufm.org,6698057,59
baike.focus.cn,baike.focus.cn,2125804,13
brooklynvegan.com,brooklynvegan.com,2125804,34
denofgeek.com,denofgeek.com,2738555,20
misrday.com,misrday.com,9961195,8
novayagazeta.ru,novayagazeta.ru,2172782,16
journalstar.com,journalstar.com,4072534,10
csoonline.com,csoonline.com,2370363,37
muswellbrookchronicle.com.au,muswellbrookchronicle.com.au,2125804,14
pcworld.com,pcworld.com,20679290,37
hamrinnews.net,hamrinnews.net,16042913,8
globo.com,globo.com,4346554,54
csmonitor.com,csmonitor.com,2262170,20
slate.fr,slate.fr,8538166,39
stltoday.com,stltoday.com,4236633,10
biz.xinmin.cn,biz.xinmin.cn,2914415,1
unn.com.ua,unn.com.ua,21056165,29
timesunion.com,timesunion.com,2502808,44
mic.com,mic.com,2892307,10
ua.racurs.ua,ua.racurs.ua,4043086,29
wqcs.org,wqcs.org,6721219,59
obozrevatel.com,obozrevatel.com,5797499,29
argumenti.ru,argumenti.ru,2125804,16
19rus.info,19rus.info,2125804,16
ecowatch.com,ecowatch.com,2346532,44
zdnet.com,zdnet.com,164181727,34
senate.gov,senate.gov,2607578,44
beatricedailysun.com,beatricedailysun.com,2141621,10
pehub.com,pehub.com,2336124,20
censor.net.ua,censor.net.ua,2417775,29
worldbank.org,worldbank.org,36476505,53
origo.hu,origo.hu,5338927,50
chron.com,chron.com,2274776,18
sznews.com,sznews.com,3409087,0
yam.com,yam.com,9088111,11
kuban.kp.ru,kuban.kp.ru,3065742,3
korrespondent.net,korrespondent.net,4369944,29
theglobeandmail.com,theglobeandmail.com,4079384,46
katu.com,katu.com,2806455,57
jmrb.com,jmrb.com,2166216,0
aljazeera.com,aljazeera.com,2274113,53
myfox28columbus.com,myfox28columbus.com,2881791,57
ren.tv,ren.tv,2399589,16
energy.gov,energy.gov,2216356,28
foot01.com,foot01.com,2186296,39
whqr.org,whqr.org,5312749,59
cfr.org,cfr.org,2217061,20
hispantv.com,hispantv.com,2125804,60
philstar.com,philstar.com,3932483,34
portstephensexaminer.com.au,portstephensexaminer.com.au,2402564,14
ninernoise.com,ninernoise.com,2406080,31
m24.ru,m24.ru,2191007,16
techinsider.io,techinsider.io,2774107,18
npr.org,npr.org,41640070,59
ilfattoquotidiano.it,ilfattoquotidiano.it,2278470,35
premiere.fr,premiere.fr,2235718,20
expressen.se,expressen.se,3320520,48
nau.edu,nau.edu,2347584,19
yardbarker.com,yardbarker.com,182370875,31
112.ua,112.ua,2125804,29
watoday.com.au,watoday.com.au,21965057,14
mediamatters.org,mediamatters.org,2310465,44
redskins.com,redskins.com,2125804,44
boerse-express.com,boerse-express.com,2125804,52
regions.ru,regions.ru,4480809,16
wallstreet-online.de,wallstreet-online.de,4337938,52
abnews.ru,abnews.ru,2125804,16
bizjournals.com,bizjournals.com,2125804,61
haaretz.com,haaretz.com,3266416,38
upnorthlive.com,upnorthlive.com,2577622,57
theatlantic.com,theatlantic.com,12782419,44
who.int,who.int,7820494,53
theadvocate.com.au,theadvocate.com.au,4682980,14
tokfm.pl,tokfm.pl,2973802,49
thefederalist.com,thefederalist.com,2556922,44
ilgazzettino.it,ilgazzettino.it,2208175,35
commondreams.org,commondreams.org,3056120,44
ibtimes.com,ibtimes.com,3507532,20
dispatch.com,dispatch.com,2372437,44
dt.ua,dt.ua,2237943,29
finance.ce.cn,finance.ce.cn,2280136,7
crainsnewyork.com,crainsnewyork.com,2125804,20
dni.ru,dni.ru,2125804,16
atv.hu,atv.hu,2179937,50
bagnet.org,bagnet.org,2194709,29
vg.no,vg.no,18169312,48
techtimes.com,techtimes.com,4272186,20
dayoo.com,dayoo.com,2594034,7
rbc.ua,rbc.ua,12447114,29
ndtv.com,ndtv.com,3944284,64
noozhawk.com,noozhawk.com,2125804,44
thenewsminute.com,thenewsminute.com,10438522,64
thedailybeast.com,thedailybeast.com,5008478,44
alwatan.kuwait.tt,alwatan.kuwait.tt,2161678,8
hyperallergic.com,hyperallergic.com,2351639,53
auto.ihned.cz,auto.ihned.cz,2148752,21
vesti.ru,vesti.ru,58108333,3
sciencemag.org,sciencemag.org,3103217,53
nigeriatoday.ng,nigeriatoday.ng,2125804,43
vm.ru,vm.ru,3825974,16
kios.org,kios.org,2134841,59
nowiny24.pl,nowiny24.pl,2125804,42
merkur.de,merkur.de,2125804,32
theage.com.au,theage.com.au,45823883,14
bjnews.com.cn,bjnews.com.cn,2125804,7
news.tut.by,news.tut.by,2259341,33
kiev.segodnya.ua,kiev.segodnya.ua,2536126,29
wlox.com,wlox.com,3588701,10
edu.hebnews.cn,edu.hebnews.cn,2350841,17
spokanepublicradio.org,spokanepublicradio.org,3476504,59
euroradio.fm,euroradio.fm,2610166,33
almalnews.com,almalnews.com,2125804,8
tvrain.ru,tvrain.ru,3515780,16
rare.us,rare.us,4285542,10
allkpop.com,allkpop.com,2125804,15
sciencealert.com,sciencealert.com,3190831,18
zdnet.de,zdnet.de,141651374,34
glavcom.ua,glavcom.ua,2207907,29
nuevodiarioweb.com.ar,nuevodiarioweb.com.ar,12593660,22
fox17.com,fox17.com,2260999,57
nzz.ch,nzz.ch,2437153,52
hvg.hu,hvg.hu,2530395,50
wesa.fm,wesa.fm,4590609,59
algemeiner.com,algemeiner.com,2125804,44
jewellermagazine.com,jewellermagazine.com,2363074,15
typepad.com,typepad.com,8244719,62
livescience.com,livescience.com,2292800,20
nazory.e15.cz,nazory.e15.cz,2525766,25
hoopshype.com,hoopshype.com,2228835,31
cbsnews.com,cbsnews.com,3279721,34
itechpost.com,itechpost.com,3683122,20
macworld.com,macworld.com,2593776,37
kenw.org,kenw.org,2134841,59
zeit.de,zeit.de,15417053,52
utro.ru,utro.ru,6330775,16
perm.kp.ru,perm.kp.ru,3054725,3
kuban24.tv,kuban24.tv,2161597,16
mirror.co.uk,mirror.co.uk,16583473,15
todayspigskin.com,todayspigskin.com,2858320,31
ekonom.ihned.cz,ekonom.ihned.cz,2366351,21
whittierdailynews.com,whittierdailynews.com,12246453,51
valuewalk.com,valuewalk.com,3049755,20
komonews.com,komonews.com,5357724,57
as.com,as.com,2559407,31
alternet.org,alternet.org,2125804,44
ridus.ru,ridus.ru,3815569,16
ulladullatimes.com.au,ulladullatimes.com.au,7875316,14
podatki.gazetaprawna.pl,podatki.gazetaprawna.pl,4578262,27
slashfilm.com,slashfilm.com,2358986,20
kp.ru,kp.ru,20369984,3
jpost.com,jpost.com,2534012,38
tdg.ch,tdg.ch,14429499,52
cctv.com,cctv.com,2125804,7
kccu.org,kccu.org,2125804,59
bellingencourier.com.au,bellingencourier.com.au,2125804,14
bernerzeitung.ch,bernerzeitung.ch,2209619,52
mypalmbeachpost.com,mypalmbeachpost.com,2125804,10
avclub.com,avclub.com,2125804,20
vice.com,vice.com,25607286,53
cbc.ca,cbc.ca,2125804,46
spiegel.de,spiegel.de,4601590,52
for-ua.com,for-ua.com,2195990,29
naviny.by,naviny.by,2354785,33
theleader.com.au,theleader.com.au,7853144,14
kmu.gov.ua,kmu.gov.ua,2396386,29
365info.kz,365info.kz,2125804,16
epa.gov,epa.gov,3252550,58
dw.com,dw.com,3701888,29
zik.ua,zik.ua,60678911,29
zazoom.it,zazoom.it,38435219,35
mis-asia.com,mis-asia.com,2432373,37
eizvestia.com,eizvestia.com,2962572,29
rawstory.com,rawstory.com,4135602,44
okcfox.com,okcfox.com,3236772,57
pasadenastarnews.com,pasadenastarnews.com,2745655,51
24.com.eg,24.com.eg,2125804,8
patch.com,patch.com,5217449,34
nol.hu,nol.hu,6458101,50
pagesix.com,pagesix.com,4557760,15
defense.gov,defense.gov,2125804,28
thestate.com,thestate.com,3461645,62
medpagetoday.com,medpagetoday.com,3020931,59
tumblr.com,tumblr.com,4235162,20
metro.co.uk,metro.co.uk,2475775,53
dennikn.sk,dennikn.sk,3362123,60
24heures.ch,24heures.ch,2125804,52
mmafighting.com,mmafighting.com,2157037,31
huffingtonpost.com,huffingtonpost.com,17180991,44
wyomingpublicmedia.org,wyomingpublicmedia.org,5067356,59
ukrinform.ru,ukrinform.ru,12743634,29
gmw.cn,gmw.cn,8137470,0
volynnews.com,volynnews.com,3295511,29
uusisuomi.fi,uusisuomi.fi,2358211,53
news.dahe.cn,news.dahe.cn,3573347,1
justsecurity.org,justsecurity.org,2125804,44
bubblear.com,bubblear.com,2125804,22
blackseanews.net,blackseanews.net,2409711,16
profile.ru,profile.ru,8597917,16
gulfeyes.net,gulfeyes.net,9448375,8
wcqs.org,wcqs.org,5888461,59
engadget.com,engadget.com,2136041,20
blitzquotidiano.it,blitzquotidiano.it,2125804,35
blick.ch,blick.ch,2844750,52
ostro.org,ostro.org,2358677,29
yibada.com,yibada.com,237502641,15
espnfc.com,espnfc.com,2975163,31
imerisia.gr,imerisia.gr,2125804,6
statista.com,statista.com,2452570,20
indianexpress.com,indianexpress.com,4418528,64
whio.com,whio.com,76598573,10
krakow.naszemiasto.pl,krakow.naszemiasto.pl,2834788,42
startribune.com,startribune.com,2531003,44
nhpr.org,nhpr.org,2125804,59
news.pn,news.pn,2977426,29
nuovavenezia.gelocal.it,nuovavenezia.gelocal.it,10006074,35
thedenverchannel.com,thedenverchannel.com,3604954,44
gordonua.com,gordonua.com,2546957,29
khou.com,khou.com,2190766,34
zpravy.e15.cz,zpravy.e15.cz,10887110,25
healthday.com,healthday.com,2590378,10
business2community.com,business2community.com,2610523,20
saintpetersblog.com,saintpetersblog.com,2212578,62
fangraphs.com,fangraphs.com,2711346,31
haribhoomi.com,haribhoomi.com,2125804,64
stile.it,stile.it,2207181,35
calltothepen.com,calltothepen.com,2125804,31
upi.com,upi.com,11751652,31
wgme.com,wgme.com,2883312,57
house.focus.cn,house.focus.cn,2676020,13
turnto10.com,turnto10.com,2742256,57
denik.cz,denik.cz,3703467,25
huffingtonpost.com.au,huffingtonpost.com.au,2215345,14
vtdigger.org,vtdigger.org,2776564,44
aargauerzeitung.ch,aargauerzeitung.ch,2228244,52
eonline.com,eonline.com,3558386,15
bazonline.ch,bazonline.ch,2125804,52
unmultimedia.org,unmultimedia.org,4460350,53
ok.co.uk,ok.co.uk,4011069,15
apostrophe.com.ua,apostrophe.com.ua,2125804,29
informing.ru,informing.ru,2125804,16
dailyadvertiser.com.au,dailyadvertiser.com.au,2528951,14
english.wafa.ps,english.wafa.ps,3198268,38
reason.com,reason.com,2777599,44
biobiochile.cl,biobiochile.cl,2125804,8
christianpost.com,christianpost.com,2125804,44
cartermatt.com,cartermatt.com,2125804,15
chicagotribune.com,chicagotribune.com,3209811,44
uapress.info,uapress.info,6942145,64
tengrinews.kz,tengrinews.kz,3481619,16
wikileaks.org,wikileaks.org,2374318,44
kinoafisha.ua,kinoafisha.ua,5074287,29
natureworldnews.com,natureworldnews.com,2848902,20
go.com,go.com,13237752,31
taizhou.com.cn,taizhou.com.cn,2541174,0
peoriapublicradio.org,peoriapublicradio.org,3462013,59
mashable.com,mashable.com,5293929,20
siliconbeat.com,siliconbeat.com,3514555,20
tvseriesfinale.com,tvseriesfinale.com,2635982,20
irrigator.com.au,irrigator.com.au,2742422,14
chinadaily.com.cn,chinadaily.com.cn,2125804,7
rosbalt.ru,rosbalt.ru,11620482,16
dsnews.ua,dsnews.ua,2392938,29
bt.no,bt.no,2481483,48
pymnts.com,pymnts.com,2208113,20
ok-inform.ru,ok-inform.ru,2720848,16
faz.net,faz.net,4072282,52
infox.ru,infox.ru,2125804,16
reuters.com,reuters.com,83698799,60
stcn.com,stcn.com,3983415,7
ap.org,ap.org,3551989,10
renewamerica.com,renewamerica.com,2361133,44
sudouest.fr,sudouest.fr,3577681,39
domain.com.au,domain.com.au,2159679,14
kjrh.com,kjrh.com,2145957,44
mbl.is,mbl.is,2211256,53
sueddeutsche.de,sueddeutsche.de,4378404,52
pravda.ru,pravda.ru,2336007,16
knpr.org,knpr.org,2137854,59
bfm.ru,bfm.ru,2146766,16
wiscnews.com,wiscnews.com,6667922,12
maville.com,maville.com,3332964,39
sun-sentinel.com,sun-sentinel.com,3597841,62
kuer.org,kuer.org,2125804,59
mskagency.ru,mskagency.ru,3812435,16
mno.hu,mno.hu,3593785,50
morningpost.com.cn,morningpost.com.cn,3916796,7
ukranews.com,ukranews.com,15195622,29
syd.com.cn,syd.com.cn,8645557,7
observer.com,observer.com,2733822,44
entornointeligente.com,entornointeligente.com,2554507,41
springfieldnewssun.com,springfieldnewssun.com,3875534,10
singletonargus.com.au,singletonargus.com.au,2371813,14
thehardtackle.com,thehardtackle.com,2751474,15
hf365.com,hf365.com,2186820,0
ansa.it,ansa.it,2125804,35
newsworks.org,newsworks.org,2125804,47
farandulife.com,farandulife.com,2149058,31
cessnockadvertiser.com.au,cessnockadvertiser.com.au,2125804,14
tagesanzeiger.ch,tagesanzeiger.ch,12611542,52
cnn.com,cnn.com,11843340,44
cnnb.com.cn,cnnb.com.cn,2125804,7
lapatilla.com,lapatilla.com,2683281,22
mydrivers.com,mydrivers.com,2920657,7
excelsior.com.mx,excelsior.com.mx,2715481,60
lefigaro.fr,lefigaro.fr,3985446,39
centralwesterndaily.com.au,centralwesterndaily.com.au,2125804,14
24.hu,24.hu,2125804,50
xtrb.cn,xtrb.cn,3205779,0
regnum.ru,regnum.ru,3031935,16
warontherocks.com,warontherocks.com,2354051,44
alayam.com,alayam.com,2132563,8
kp.ua,kp.ua,2381469,29
archiv.ihned.cz,archiv.ihned.cz,2125804,21
cas.sk,cas.sk,3948198,2
3amnews.com,3amnews.com,2125804,8
cootamundraherald.com.au,cootamundraherald.com.au,2125804,14
nabdhadhramout.com,nabdhadhramout.com,4381051,8
telegraph.co.uk,telegraph.co.uk,12420608,53
news24.com,news24.com,2136850,53
greatergreaterwashington.org,greatergreaterwashington.org,2845387,44
actionnewsjax.com,actionnewsjax.com,2125804,10
aa.com.tr,aa.com.tr,2125804,16
bellinghamherald.com,bellinghamherald.com,2125804,62
brisbanetimes.com.au,brisbanetimes.com.au,2492900,14
ajc.com,ajc.com,2286795,10
wallstreetcn.com,wallstreetcn.com,5043664,20
southernweekly.com.au,southernweekly.com.au,5057047,14
elitedaily.com,elitedaily.com,2213599,15
baidu.com,baidu.com,2125804,7
actualcomment.ru,actualcomment.ru,2125804,16
nhregister.com,nhregister.com,2249761,44
eremnews.com,eremnews.com,2348970,8
wsoctv.com,wsoctv.com,14400187,10
culture.gmw.cn,culture.gmw.cn,2412728,0
businessinsider.com,businessinsider.com,2653436,18
computerra.ru,computerra.ru,2125804,16
mystatesman.com,mystatesman.com,2806241,10
slate.com,slate.com,7037462,44
thinkprogress.org,thinkprogress.org,12886745,44
yahoo.com,yahoo.com,665964236,20
conservativehq.com,conservativehq.com,2125804,44
gazzettadimodena.gelocal.it,gazzettadimodena.gelocal.it,2534093,35
news.gmw.cn,news.gmw.cn,10126618,0
adelaidenow.com.au,adelaidenow.com.au,2155272,15
newsru.com,newsru.com,3912811,16
milb.com,milb.com,3938593,10
malaysiasun.com,malaysiasun.com,2542730,61
huffingtonpost.co.uk,huffingtonpost.co.uk,2259205,53
abc15.com,abc15.com,2125804,34
palmbeachpost.com,palmbeachpost.com,6290735,10
ng.ru,ng.ru,2635746,16
auto.xinmin.cn,auto.xinmin.cn,2125804,1
busseltonmail.com.au,busseltonmail.com.au,2125804,14
dailyprogress.com,dailyprogress.com,2132993,10
dailydot.com,dailydot.com,2170984,44
quebec.huffingtonpost.ca,quebec.huffingtonpost.ca,3322033,39
yar.kp.ru,yar.kp.ru,32428512,3
focus.de,focus.de,5074632,52
braidwoodtimes.com.au,braidwoodtimes.com.au,2125804,14
news3lv.com,news3lv.com,3190907,57
turnto23.com,turnto23.com,3853501,44
abril.com.br,abril.com.br,2125804,54
enikos.gr,enikos.gr,2125804,6
eluniversal.com.mx,eluniversal.com.mx,2656513,60
ft.com,ft.com,3190824,20
b92.net,b92.net,2125804,8
nwcn.com,nwcn.com,2125804,34
ce.cn,ce.cn,2125804,7
laprovinciapavese.gelocal.it,laprovinciapavese.gelocal.it,3158795,35
europe1.fr,europe1.fr,2289770,39
indystar.com,indystar.com,2148683,18
networkworld.com,networkworld.com,4531638,37
unian.ua,unian.ua,28672380,29
rus.postimees.ee,rus.postimees.ee,2720590,16
wiadomosci24.pl,wiadomosci24.pl,34358566,42
yle.fi,yle.fi,4913741,53
metronieuws.nl,metronieuws.nl,2637323,55
arstechnica.com,arstechnica.com,2125804,20
fashion.xinmin.cn,fashion.xinmin.cn,3595776,1
thestreet.com,thestreet.com,4945185,20
bakersfieldnow.com,bakersfieldnow.com,2125804,57
nih.gov,nih.gov,8913791,59
pitchfork.com,pitchfork.com,4398158,34
bostonglobe.com,bostonglobe.com,3233470,44
adressa.no,adressa.no,2125804,48
abc7ny.com,abc7ny.com,2125804,31
truth-out.org,truth-out.org,7069416,44
breitbart.com,breitbart.com,2395362,44
caracoltv.com,caracoltv.com,2125804,41
warszawa.naszemiasto.pl,warszawa.naszemiasto.pl,18709870,42
religionnews.com,religionnews.com,2606547,44
dahuawang.com,dahuawang.com,2584022,0
hitc.com,hitc.com,3065075,53
aftonbladet.se,aftonbladet.se,2125804,48
popsugar.com,popsugar.com,2883751,23
kavpolit.com,kavpolit.com,3330256,16
politicususa.com,politicususa.com,2325549,44
sb.by,sb.by,3185962,33
polygon.com,polygon.com,2376115,40
asiaone.com,asiaone.com,2125804,20
mr7.ru,mr7.ru,2775539,16
snopes.com,snopes.com,2612932,44
qq.com,qq.com,9950587,7
trentinocorrierealpi.gelocal.it,trentinocorrierealpi.gelocal.it,3876409,35
dv.kp.ru,dv.kp.ru,2132993,3
hab.kp.ru,hab.kp.ru,2132993,3
marketwired.com,marketwired.com,2220883,28
tovima.gr,tovima.gr,13286067,6
mercurynews.com,mercurynews.com,2398481,20
hepburnadvocate.com.au,hepburnadvocate.com.au,2125804,14
kotaku.com,kotaku.com,3033820,40
cbs12.com,cbs12.com,3563215,57
reporter-ua.com,reporter-ua.com,2561014,29
nhl.com,nhl.com,2150790,31
today.com,today.com,2742060,15
cato.org,cato.org,2125804,44
kommersant.ru,kommersant.ru,4954667,16
politics.gmw.cn,politics.gmw.cn,3755544,0
qz.com,qz.com,7784069,53
syracuse.com,syracuse.com,2815289,15
infomoney.com.br,infomoney.com.br,5286969,54
mintpressnews.com,mintpressnews.com,2164687,44
tvzvezda.ru,tvzvezda.ru,27020562,3
theroot.com,theroot.com,2574272,44
blic.rs,blic.rs,2125804,30
echospb.ru,echospb.ru,2150256,16
youm7.com,youm7.com,9499373,8
cairoportal.com,cairoportal.com,2440583,8
scol.com.cn,scol.com.cn,2493390,7
cleveland.com,cleveland.com,2163284,44
derbund.ch,derbund.ch,2125804,52
eastmoney.com,eastmoney.com,2140980,7
9news.com,9news.com,2125804,34
recode.net,recode.net,2545560,20
wenyi.hebnews.cn,wenyi.hebnews.cn,2630423,17
cbs46.com,cbs46.com,2125804,10
dagbladet.no,dagbladet.no,2441423,48
depo.ua,depo.ua,2314754,29
eurekalert.org,eurekalert.org,2832169,20
inewstoday.net,inewstoday.net,3257094,31
sen360.com,sen360.com,3503323,39
military-technologies.net,military-technologies.net,5604255,28
star-telegram.com,star-telegram.com,3235297,62
blackagendareport.com,blackagendareport.com,2125804,44
abendzeitung-muenchen.de,abendzeitung-muenchen.de,2125804,15
thehill.com,thehill.com,16896317,44
focus.ua,focus.ua,2482709,29
hindustantimes.com,hindustantimes.com,2493790,64
justjared.com,justjared.com,2539300,15
salon.com,salon.com,6059207,44
irishmirror.ie,irishmirror.ie,2228789,15
bnews.kz,bnews.kz,2125804,16
winnipegsun.com,winnipegsun.com,3811069,9
leparisien.fr,leparisien.fr,7945624,39
mit.edu,mit.edu,2239216,20
infobae.com,infobae.com,3607594,22
bild.de,bild.de,3068088,52
huffingtonpost.fr,huffingtonpost.fr,2722787,39
uproxx.com,uproxx.com,4797607,20
cz001.com.cn,cz001.com.cn,2139404,0
caijing.com.cn,caijing.com.cn,2770731,7
keyetv.com,keyetv.com,2261432,57
today.kz,today.kz,4138602,16
sky.com,sky.com,3453958,53
kaliningrad.kp.ru,kaliningrad.kp.ru,2285442,3
refinery29.com,refinery29.com,2582517,20
aswatmasriya.com,aswatmasriya.com,3228075,8
whas11.com,whas11.com,4840630,34
cnet.com,cnet.com,2346450,34
wmcactionnews5.com,wmcactionnews5.com,7230899,10
local12.com,local12.com,3622902,57
fraza.ua,fraza.ua,2220789,29
nasa.gov,nasa.gov,3137742,20
clicrbs.com.br,clicrbs.com.br,2125804,54
bbc.com,bbc.com,5041499,53
gloswielkopolski.pl,gloswielkopolski.pl,2125804,42
wamu.org,wamu.org,3957405,59
digitaljournal.com,digitaljournal.com,2204284,53
illawarramercury.com.au,illawarramercury.com.au,3312285,14
life.gmw.cn,life.gmw.cn,2953754,0
nsw.gov.au,nsw.gov.au,3799110,14
foxbusiness.com,foxbusiness.com,3461920,12
lepoint.fr,lepoint.fr,2593914,39
nehandaradio.com,nehandaradio.com,2135846,53
freep.com,freep.com,2125804,34
wksu.org,wksu.org,5473391,59
rinf.com,rinf.com,3321967,8
crookwellgazette.com.au,crookwellgazette.com.au,2125804,14
lodz.naszemiasto.pl,lodz.naszemiasto.pl,2893999,42
investing.com,investing.com,2125804,12
keprtv.com,keprtv.com,2138206,57
usnews.com,usnews.com,5081597,10
dn.se,dn.se,2301268,48
theblaze.com,theblaze.com,3377543,44
cairnspost.com.au,cairnspost.com.au,2125804,15
sysla.no,sysla.no,3839837,48
jta.org,jta.org,3057912,38
batemansbaypost.com.au,batemansbaypost.com.au,2125804,14
valleycentral.com,valleycentral.com,4307712,59
shanghai.xinmin.cn,shanghai.xinmin.cn,9905929,1
executivebiz.com,executivebiz.com,2684295,28
cio.com,cio.com,2125804,37
gq.com,gq.com,2125804,20
newspressnow.com,newspressnow.com,3452975,10
pasmi.ru,pasmi.ru,2145938,16
fansided.com,fansided.com,2228752,31
omaha.com,omaha.com,7764015,10
inc.com,inc.com,2387962,20
europa.eu,europa.eu,3730721,26
cna.com.tw,cna.com.tw,2125804,11
overlawyered.com,overlawyered.com,2261305,44
usmagazine.com,usmagazine.com,11086644,15
prairiepublic.org,prairiepublic.org,2958400,59
meduza.io,meduza.io,2158293,16
mlb.com,mlb.com,4787535,31
alriyadh.com,alriyadh.com,2292675,8
irk.kp.ru,irk.kp.ru,2247084,3
poznan.naszemiasto.pl,poznan.naszemiasto.pl,4947732,42
deseretnews.com,deseretnews.com,2139756,44
newstalk.com,newstalk.com,2137854,53
seattletimes.com,seattletimes.com,2356107,44
glamour.com,glamour.com,2125804,20
bordermail.com.au,bordermail.com.au,2243631,14
cqnews.net,cqnews.net,2164198,1
biznes.gazetaprawna.pl,biznes.gazetaprawna.pl,2125804,27
ouest-france.fr,ouest-france.fr,6926620,39
strategie.e15.cz,strategie.e15.cz,2656075,25
larampadinapoli.com,larampadinapoli.com,2830024,31
city.kharkov.ua,city.kharkov.ua,2125804,29
pressan.is,pressan.is,16968263,53
wesm913.org,wesm913.org,6704774,59
francetvinfo.fr,francetvinfo.fr,4221866,39
orlandosentinel.com,orlandosentinel.com,2698542,62
huffingtonpost.in,huffingtonpost.in,3109612,64
medium.com,medium.com,2328347,44
krmg.com,krmg.com,2328280,10
plos.org,plos.org,2235215,53
kp.kg,kp.kg,2293716,3
appleinsider.com,appleinsider.com,2125804,20
californiahealthline.org,californiahealthline.org,2125804,44
heraldmalaysia.com,heraldmalaysia.com,3172530,36
govoritmoskva.ru,govoritmoskva.ru,2125804,16
messaggeroveneto.gelocal.it,messaggeroveneto.gelocal.it,5498209,35
fox11online.com,fox11online.com,2261432,57
wprost.pl,wprost.pl,4941666,49
siouxlandnews.com,siouxlandnews.com,2577622,57
wlos.com,wlos.com,16727404,57
foxreno.com,foxreno.com,2138206,57
thisisinsider.com,thisisinsider.com,3715041,18
kirov.kp.ru,kirov.kp.ru,2277888,3
4esno.com.ua,4esno.com.ua,2125804,29
barrons.com,barrons.com,2125804,20
westernjournalism.com,westernjournalism.com,11956147,44
china.com,china.com,2125804,7
adweek.com,adweek.com,2125804,20
the-village.ru,the-village.ru,4147089,16
americanthinker.com,americanthinker.com,2125804,44
sacbee.com,sacbee.com,3327683,44
hardenexpress.com.au,hardenexpress.com.au,2220842,14
conservativehome.com,conservativehome.com,2125804,53
alwafd.org,alwafd.org,2858268,8
politicspa.com,politicspa.com,3664005,47
racurs.ua,racurs.ua,2885769,29
clarin.com,clarin.com,2710318,22
grist.org,grist.org,2147631,44
ufa.kp.ru,ufa.kp.ru,20398958,3
internazionale.it,internazionale.it,2293748,35
anhuinews.com,anhuinews.com,2125804,7
dailyvoice.com,dailyvoice.com,2265522,18
delmagyar.hu,delmagyar.hu,3687727,50
e.gmw.cn,e.gmw.cn,2763231,0
nbcnews.com,nbcnews.com,7041513,44
bunburymail.com.au,bunburymail.com.au,2125804,14
mprnews.org,mprnews.org,2125804,59
sh.focus.cn,sh.focus.cn,8620926,13
sbsun.com,sbsun.com,7101511,51
thefrisky.com,thefrisky.com,2387718,44
boerse-social.com,boerse-social.com,3932483,52
haberler.com,haberler.com,2134841,53
aif.ua,aif.ua,2205285,29
autonews.com,autonews.com,2125804,40
caughtoffside.com,caughtoffside.com,2136635,15
scientificamerican.com,scientificamerican.com,2458603,20
nasdaq.com,nasdaq.com,13553828,12
mil.gmw.cn,mil.gmw.cn,2397657,0
thenewstribune.com,thenewstribune.com,2322937,62
vesti-ua.net,vesti-ua.net,5266962,29
laprovence.com,laprovence.com,2167901,39
news.in.gr,news.in.gr,3462490,6
newyorker.com,newyorker.com,2442889,44
gazzettadireggio.gelocal.it,gazzettadireggio.gelocal.it,2314176,35
iltirreno.gelocal.it,iltirreno.gelocal.it,7668325,35
canberratimes.com.au,canberratimes.com.au,2466042,14
ew.com,ew.com,4768330,15
tver.kp.ru,tver.kp.ru,15356767,3
eastday.com,eastday.com,2188846,7
macrobusiness.com.au,macrobusiness.com.au,2215334,15
delmarvapublicradio.net,delmarvapublicradio.net,2125804,59
adnradio.cl,adnradio.cl,2125804,8
nazory.ihned.cz,nazory.ihned.cz,3962004,21
venturebeat.com,venturebeat.com,2797554,20
fznews.com.cn,fznews.com.cn,2809309,7
tribunatreviso.gelocal.it,tribunatreviso.gelocal.it,14575556,35
ig.com,ig.com,2125804,12
9tv.co.il,9tv.co.il,2125804,16
riafan.ru,riafan.ru,6272226,16
murmansk.kp.ru,murmansk.kp.ru,3022226,3
news-front.info,news-front.info,2159360,16
fitchratings.com,fitchratings.com,3808234,20
tv2.no,tv2.no,4606259,48
chinadigitaltimes.net,chinadigitaltimes.net,2125804,60
weather.com,weather.com,3178224,52
presstelegraph.com,presstelegraph.com,2926618,20
timesofisrael.com,timesofisrael.com,9808326,38
ycwb.com,ycwb.com,7691784,7
samara.kp.ru,samara.kp.ru,6304835,3
omsk.kp.ru,omsk.kp.ru,3035484,3
northerndailyleader.com.au,northerndailyleader.com.au,2446210,14
bendigoadvertiser.com.au,bendigoadvertiser.com.au,2125804,14
akipress.com,akipress.com,2125804,24
rzn.info,rzn.info,4856840,16
amazinavenue.com,amazinavenue.com,2125804,31
abovethelaw.com,abovethelaw.com,2125804,62
news.am,news.am,3224187,16
aktualne.cz,aktualne.cz,2125804,5
health.hebnews.cn,health.hebnews.cn,2252387,17
hznews.com,hznews.com,2317781,0
dailymail.co.uk,dailymail.co.uk,10669352,15
minutouno.com,minutouno.com,2510231,22
huffpostarabi.com,huffpostarabi.com,5699510,8
fivethirtyeight.com,fivethirtyeight.com,2332545,44
dawn.com,dawn.com,2125804,64
ilcentro.gelocal.it,ilcentro.gelocal.it,2203415,35
ninersnation.com,ninersnation.com,2554503,31
zjol.com.cn,zjol.com.cn,6732670,7
bangordailynews.com,bangordailynews.com,2125804,44
vedomosti.ru,vedomosti.ru,16162947,16
yasstribune.com.au,yasstribune.com.au,7541618,14
state.gov,state.gov,2232060,44
wbrc.com,wbrc.com,2142340,10
wvik.org,wvik.org,6674983,59
hrw.org,hrw.org,2157638,44
cnwest.com,cnwest.com,2125804,7
nerdwallet.com,nerdwallet.com,3475764,10
smh.com.au,smh.com.au,75370511,14
legal.gmw.cn,legal.gmw.cn,3504999,0
finance.hebnews.cn,finance.hebnews.cn,2456327,17
finanse.gazetaprawna.pl,finanse.gazetaprawna.pl,2448950,27
m.ihned.cz,m.ihned.cz,4703607,21
ilpost.it,ilpost.it,2139862,53
ign.com,ign.com,4657187,20
lenta.ru,lenta.ru,6756134,16
phys.org,phys.org,3512703,53
cardekho.com,cardekho.com,2125804,64
denverpost.com,denverpost.com,3932483,44
corrierealpi.gelocal.it,corrierealpi.gelocal.it,2125804,35
minprom.ua,minprom.ua,4038667,29
finam.info,finam.info,2125804,16
sydsvenskan.se,sydsvenskan.se,15390143,48
francebleu.fr,francebleu.fr,2300759,39
dostor.org,dostor.org,2600460,8
thewire.in,thewire.in,11595464,64
swarajyamag.com,swarajyamag.com,3846599,64
observador.pt,observador.pt,2460621,53
couriermail.com.au,couriermail.com.au,2498590,15
riverinaleader.com.au,riverinaleader.com.au,2272016,14
liberation.fr,liberation.fr,11038220,39
marketwatch.com,marketwatch.com,8127147,20
latimes.com,latimes.com,9995276,44
dziennik.pl,dziennik.pl,2125804,27
citylab.com,citylab.com,2125804,44
wnd.com,wnd.com,53945356,44
presseportal.de,presseportal.de,3932483,45
sys-con.com,sys-con.com,2380382,34
ria.ru,ria.ru,64776523,16
segodnya.ua,segodnya.ua,12167725,29
lanuovasardegna.gelocal.it,lanuovasardegna.gelocal.it,3057548,35
goulburnpost.com.au,goulburnpost.com.au,2646447,14
cnmo.com,cnmo.com,2125804,7
vetogate.com,vetogate.com,4640282,8
cosmopolitan.com,cosmopolitan.com,2142857,20
foreignpolicy.com,foreignpolicy.com,2490874,44
sunherald.com,sunherald.com,2598184,62
hurriyet.com.tr,hurriyet.com.tr,2367131,44
mako.co.il,mako.co.il,2162485,15
president.gov.ua,president.gov.ua,3501947,29
oregonlive.com,oregonlive.com,2422129,18
easternriverinachronicle.com.au,easternriverinachronicle.com.au,2404646,14
ledauphine.com,ledauphine.com,2225180,39
comicbook.com,comicbook.com,2252836,15
wa.gov,wa.gov,7794303,44
aljazeera.net,aljazeera.net,2373214,8
wunderground.com,wunderground.com,4196157,44
contextotucuman.com,contextotucuman.com,3984746,22
nrk.no,nrk.no,10797081,48
gp.se,gp.se,2613604,48
163.com,163.com,2125804,7
goodgearguide.com.au,goodgearguide.com.au,2241774,37
alarabiya.net,alarabiya.net,2182793,8
redriverradio.org,redriverradio.org,3437473,59
praca.gazetaprawna.pl,praca.gazetaprawna.pl,2798364,27
gamespot.com,gamespot.com,2964940,40
kval.com,kval.com,3664725,57
minprom.com.ua,minprom.com.ua,2329213,29
vic.gov.au,vic.gov.au,10543403,14
ebc.com.br,ebc.com.br,2125804,54
life.ru,life.ru,4858588,16
politico.com,politico.com,16660881,44
expres.ua,expres.ua,2765788,29
rollingstone.com,rollingstone.com,4279102,34
goldcoastbulletin.com.au,goldcoastbulletin.com.au,2307669,15
truthdig.com,truthdig.com,3522253,44
an.no,an.no,2125804,48
aei.org,aei.org,2125804,44
spb.kp.ru,spb.kp.ru,7246300,3
edu.gmw.cn,edu.gmw.cn,2905714,0
panorama.am,panorama.am,3526571,16
investors.com,investors.com,2185555,12
malopolskie.naszemiasto.pl,malopolskie.naszemiasto.pl,2303777,42
letelegramme.fr,letelegramme.fr,2160885,39
blikk.hu,blikk.hu,2536670,50
fool.com,fool.com,2173325,12
newstimes.com,newstimes.com,2945013,18
auto.hebnews.cn,auto.hebnews.cn,2125804,17
foxbaltimore.com,foxbaltimore.com,2434465,57
solonews.net,solonews.net,6400577,60
tmz.com,tmz.com,16157859,15
kimatv.com,kimatv.com,2139756,57
tech.ihned.cz,tech.ihned.cz,2952964,21
gizmodo.in,gizmodo.in,2774430,40
pbs.org,pbs.org,2812849,44
msnewsnow.com,msnewsnow.com,2135869,10
akipress.org,akipress.org,3742306,24
sbs.com.au,sbs.com.au,2170007,53
cdanews.com,cdanews.com,2125804,31
aol.com,aol.com,2125804,20
fortune.com,fortune.com,2411628,20
lci.fr,lci.fr,2125804,39
polskatimes.pl,polskatimes.pl,14472038,42
nos.nl,nos.nl,5223035,55
hollywoodlife.com,hollywoodlife.com,2313273,15
publico.pt,publico.pt,3480499,54
pcworld.co.nz,pcworld.co.nz,2427205,37
charlotteobserver.com,charlotteobserver.com,2125804,62
sfist.com,sfist.com,3664453,18
accuweather.com,accuweather.com,2125804,34
mydaytondailynews.com,mydaytondailynews.com,3047873,10
zn.ua,zn.ua,11756137,29
tz.de,tz.de,3932483,32
news.youth.cn,news.youth.cn,2902307,1
iatropedia.gr,iatropedia.gr,2125804,6
hollywoodtake.com,hollywoodtake.com,2364472,15
thefiscaltimes.com,thefiscaltimes.com,2331217,20
patriotpost.us,patriotpost.us,2206966,44
5.ua,5.ua,2172497,29
repubblica.it,repubblica.it,3104616,35
kansas.com,kansas.com,2151543,62
etonline.com,etonline.com,4593971,20
biznes-portal.com,biznes-portal.com,2125804,16
ktla.com,ktla.com,2125804,44
msnbc.com,msnbc.com,2246590,44
maitlandmercury.com.au,maitlandmercury.com.au,2125804,14
calgarysun.com,calgarysun.com,2125804,9
nicematin.com,nicematin.com,4017376,39
univision.com,univision.com,5194285,44
rt.com,rt.com,18643560,8
real.gr,real.gr,3796584,6
hromadske.ua,hromadske.ua,2341890,29
aktuality.sk,aktuality.sk,2125804,2
youthkiawaaz.com,youthkiawaaz.com,4336322,64
verdenews.com,verdenews.com,7084940,19
curbed.com,curbed.com,2348164,61
realclearpolitics.com,realclearpolitics.com,3361600,44
cincyjungle.com,cincyjungle.com,2125804,31
xinhuanet.com,xinhuanet.com,77453241,7
theintercept.com,theintercept.com,3626764,44
usda.gov,usda.gov,3030415,58
powned.tv,powned.tv,5999400,55
satprnews.com,satprnews.com,6508603,28
miamiherald.com,miamiherald.com,4202560,62
globalgrind.com,globalgrind.com,2125804,15
it.gmw.cn,it.gmw.cn,2547316,0
newsobserver.com,newsobserver.com,2823286,62
rusplt.ru,rusplt.ru,5917025,16
theaustralian.com.au,theaustralian.com.au,8639672,15
bleacherreport.com,bleacherreport.com,2884836,31
heraldonline.com,heraldonline.com,2251123,62
brandchannel.com,brandchannel.com,2575906,20
rtl.fr,rtl.fr,8779134,39
wdef.com,wdef.com,2572780,34
newsbusters.org,newsbusters.org,2295870,44
ural.kp.ru,ural.kp.ru,19553331,3
wistv.com,wistv.com,2138026,10
lugradar.net,lugradar.net,2932218,64
boainformacao.com.br,boainformacao.com.br,2125804,54
espn.com,espn.com,4012897,31
tianjinwe.com,tianjinwe.com,7888840,0
ktul.com,ktul.com,2685023,57
nola.com,nola.com,2635380,44
tampabay.com,tampabay.com,5701991,62
psmag.com,psmag.com,2470515,44
gizmodo.com,gizmodo.com,4218173,40
hollywoodreporter.com,hollywoodreporter.com,5726233,20
motori.ilmessaggero.it,motori.ilmessaggero.it,4428493,35
newsit.gr,newsit.gr,5629046,6
wordpress.com,wordpress.com,34273315,44
autostat.ru,autostat.ru,2125804,16
theweek.co.uk,theweek.co.uk,49084720,53
deadspin.com,deadspin.com,2125804,40
sina.com.cn,sina.com.cn,9144417,7
kiamaindependent.com.au,kiamaindependent.com.au,2645785,14
90min.com,90min.com,2125804,15
forsal.pl,forsal.pl,3076687,27
health.com,health.com,2125804,20
livemint.com,livemint.com,3590278,64
gazetakrakowska.pl,gazetakrakowska.pl,2125804,42
whatsonthorold.com,whatsonthorold.com,7643994,20
variety.com,variety.com,18697873,20
svoboda.org,svoboda.org,4382576,16
next.gazeta.pl,next.gazeta.pl,2125804,49
izvestia.ru,izvestia.ru,4222422,16
kutv.com,kutv.com,7948937,57
indiatimes.com,indiatimes.com,6996997,64
smallwarsjournal.com,smallwarsjournal.com,2400111,44
news.cri.cn,news.cri.cn,2367445,7
gazetaprawna.pl,gazetaprawna.pl,5785653,27
albawabhnews.com,albawabhnews.com,2199111,8
streetinsider.com,streetinsider.com,3081764,28
100pour100-velo.com,100pour100-velo.com,2125804,60
belta.by,belta.by,2125804,33
getreligion.org,getreligion.org,2139756,44
aftenposten.no,aftenposten.no,3776063,48
nordlys.no,nordlys.no,3416289,48
newrepublic.com,newrepublic.com,2644185,44
usatoday.com,usatoday.com,40751125,34
liga.net,liga.net,3404324,29
nouvelobs.com,nouvelobs.com,13361622,39
vb.kg,vb.kg,4580258,16
svt.se,svt.se,12419408,48
wknofm.org,wknofm.org,4974797,59
art.ihned.cz,art.ihned.cz,2248892,21
motorauthority.com,motorauthority.com,2125804,20
dailynews.com,dailynews.com,3559102,51
calgaryherald.com,calgaryherald.com,2125804,46
standard.net.au,standard.net.au,3949696,14
france3-regions.francetvinfo.fr,france3-regions.francetvinfo.fr,2238064,39
dialog.ua,dialog.ua,2125804,64
efinancialcareers.com,efinancialcareers.com,2180140,20
interfax-russia.ru,interfax-russia.ru,2125804,16
cnbc.com,cnbc.com,2478203,20
un.org,un.org,6938074,53
viveremilano.biz,viveremilano.biz,3528791,44
wjla.com,wjla.com,55739096,57
amur.info,amur.info,2125804,16
justjaredjr.com,justjaredjr.com,3872132,15
farsnews.com,farsnews.com,2756828,60
dailystar.co.uk,dailystar.co.uk,2470660,15
hs.fi,hs.fi,2157285,53
thejournal.ie,thejournal.ie,2136850,53
kpbs.org,kpbs.org,2125804,59
rian.com.ua,rian.com.ua,3746976,29
xiancn.com,xiancn.com,11212440,0
camdencourier.com.au,camdencourier.com.au,2125804,14
newsone.com,newsone.com,2181094,44
dotmsr.com,dotmsr.com,3849982,8
cbs58.com,cbs58.com,2125804,34
deccanchronicle.com,deccanchronicle.com,3966543,64
fda.gov,fda.gov,2125804,20
suntimes.com,suntimes.com,3107487,31
thisislancashire.co.uk,thisislancashire.co.uk,3932483,56
wiadomosci.wp.pl,wiadomosci.wp.pl,3143634,49
pravda.com.ua,pravda.com.ua,9593592,29
capital.ua,capital.ua,2160256,29
abs-cbn.com,abs-cbn.com,2125804,34
ots.at,ots.at,2125804,45
wsbradio.com,wsbradio.com,13055545,10
deadline.com,deadline.com,3321225,20
pskov.kp.ru,pskov.kp.ru,3049935,3
wired.com,wired.com,9596180,20
news9.com,news9.com,2132993,34
thelibertarianrepublic.com,thelibertarianrepublic.com,2264011,44
wxrb.com,wxrb.com,5127701,0
pomorska.pl,pomorska.pl,5130490,42
fakty.ictv.ua,fakty.ictv.ua,2147853,29
wdiy.org,wdiy.org,5274234,59
floridatrend.com,floridatrend.com,2125804,62
ilpiccolo.gelocal.it,ilpiccolo.gelocal.it,2617308,35
lifehacker.com,lifehacker.com,3145978,40
economist.com,economist.com,2125804,53
20min.ch,20min.ch,2125804,52
solothurnerzeitung.ch,solothurnerzeitung.ch,3072677,52
billmoyers.com,billmoyers.com,2125804,44
therural.com.au,therural.com.au,7054069,14
firstpost.com,firstpost.com,4783030,64
ktep.org,ktep.org,2164217,59
caravan.kz,caravan.kz,3242398,16
moreechampion.com.au,moreechampion.com.au,2125804,14
wset.com,wset.com,13767454,57
day.kyiv.ua,day.kyiv.ua,2134841,29
ilmessaggero.it,ilmessaggero.it,2296275,35
wutc.org,wutc.org,6744293,59
dziennikzachodni.pl,dziennikzachodni.pl,2125804,42
from-ua.com,from-ua.com,2433081,29
counterpunch.org,counterpunch.org,2141307,44
world.gmw.cn,world.gmw.cn,3266024,0
wach.com,wach.com,2579173,57
naroomanewsonline.com.au,naroomanewsonline.com.au,3536911,14
keranews.org,keranews.org,2125804,59
jutarnji.hr,jutarnji.hr,2636541,30
globalvoices.org,globalvoices.org,2137854,53
southcn.com,southcn.com,6783904,7
heritage.org,heritage.org,3582123,44
lasentinella.gelocal.it,lasentinella.gelocal.it,2544703,35
e15.cz,e15.cz,3249251,25
local21news.com,local21news.com,2700848,57
spokesman.com,spokesman.com,2384909,18
lanuovaferrara.gelocal.it,lanuovaferrara.gelocal.it,3000775,35
lesechos.fr,lesechos.fr,2398240,39
nsk.kp.ru,nsk.kp.ru,3039757,3
ibtimes.com.au,ibtimes.com.au,2232170,15
tvline.com,tvline.com,3847562,20
metronews.ru,metronews.ru,2422650,16
dcist.com,dcist.com,2125804,44
nu.nl,nu.nl,4178033,55
srxww.com,srxww.com,2476079,0
cnnindonesia.com,cnnindonesia.com,2172312,44
alomanews.com,alomanews.com,2403654,8
radaronline.com,radaronline.com,3165093,15
scmp.com,scmp.com,3040435,60
ipolitics.ca,ipolitics.ca,2833134,46
gallup.com,gallup.com,2197261,44
lejdd.fr,lejdd.fr,2519496,39
gazeta.ua,gazeta.ua,2673217,29
stjjj.hebnews.cn,stjjj.hebnews.cn,2736738,17
yangtse.com,yangtse.com,6640225,7
oilprice.com,oilprice.com,2181561,20
dailytelegraph.com.au,dailytelegraph.com.au,3406804,15
thenewslens.com,thenewslens.com,7896560,11
ish.xinmin.cn,ish.xinmin.cn,3098698,1
pressherald.com,pressherald.com,2527731,44
postbulletin.com,postbulletin.com,4018515,4
lzbs.com.cn,lzbs.com.cn,2603994,0
gov.hebnews.cn,gov.hebnews.cn,2466946,17
gamenguide.com,gamenguide.com,2480190,40
lanacion.com.ar,lanacion.com.ar,7079697,22
nikvesti.com,nikvesti.com,4483984,29
govexec.com,govexec.com,2139756,44
ibtimes.co.uk,ibtimes.co.uk,3230306,53
bbc.co.uk,bbc.co.uk,2217513,53
buzzfeed.com,buzzfeed.com,2274349,44
china.com.cn,china.com.cn,2944076,7
popsugar.com.au,popsugar.com.au,4280364,23
blesk.cz,blesk.cz,2125804,25
infor.pl,infor.pl,2755307,27
hd.se,hd.se,2242313,48
zahranicni.eurozpravy.cz,zahranicni.eurozpravy.cz,2261517,25
uol.com.br,uol.com.br,23372060,54
scroll.in,scroll.in,12186038,64
thephinsider.com,thephinsider.com,8087133,31
leprogres.fr,leprogres.fr,4123334,39
gizmodo.co.uk,gizmodo.co.uk,2151572,40
huewire.com,huewire.com,2378785,44
equilibrioinformativo.com,equilibrioinformativo.com,4296848,41
wamc.org,wamc.org,3345220,59
newsera.ru,newsera.ru,5507080,16
nature.com,nature.com,3909765,20
aex.ru,aex.ru,2125804,16
royalsreview.com,royalsreview.com,2870311,31
huffingtonpost.de,huffingtonpost.de,4330353,52
uspto.gov,uspto.gov,5479175,20
gigamir.net,gigamir.net,2227564,29
21cn.com,21cn.com,2185415,7
economy.gmw.cn,economy.gmw.cn,4858294,0
forbes.ru,forbes.ru,2125804,16
newser.com,newser.com,2548947,44
opednews.com,opednews.com,3956870,44
ynet.com,ynet.com,6785107,7
texastribune.org,texastribune.org,3594210,59
9news.com.au,9news.com.au,2125804,15
seher.no,seher.no,2987283,48
bwabtk.com,bwabtk.com,4556512,8
kasparov.ru,kasparov.ru,2264502,16
ura.ru,ura.ru,4406650,16
ripr.org,ripr.org,3135623,59
travelandleisure.com,travelandleisure.com,2534993,20
sjzdaily.com.cn,sjzdaily.com.cn,3380230,0
tanea.gr,tanea.gr,4195178,6
theweek.com,theweek.com,37672610,44
kazu.org,kazu.org,2134841,59
cnfol.com,cnfol.com,3736080,7
ketr.org,ketr.org,2134841,59
bug.org.ua,bug.org.ua,2125804,29
banki.ru,banki.ru,2125804,16
otr-online.ru,otr-online.ru,2258412,16
weeklystandard.com,weeklystandard.com,6818903,44
donnybrookmail.com.au,donnybrookmail.com.au,2125804,14
southcoastregister.com.au,southcoastregister.com.au,8881038,14
investopedia.com,investopedia.com,2340788,20
wrestlinginc.com,wrestlinginc.com,2294013,15
almesryoon.com,almesryoon.com,2152056,8
mtv.com,mtv.com,2296623,15
almasdaronline.com,almasdaronline.com,2144669,8
newsbeast.gr,newsbeast.gr,4191988,6
economics.unian.ua,economics.unian.ua,2568153,29
cio.com.au,cio.com.au,2202957,37
jschina.com.cn,jschina.com.cn,2325241,1
ru.tsn.ua,ru.tsn.ua,5481847,29
lexpansion.lexpress.fr,lexpansion.lexpress.fr,2125804,39
independent.co.uk,independent.co.uk,4784307,53
margaretrivermail.com.au,margaretrivermail.com.au,2125804,14
goodmenproject.com,goodmenproject.com,2125804,44
northernpublicradio.org,northernpublicradio.org,2125804,59
wbaa.org,wbaa.org,5397675,59
asu.edu,asu.edu,2125804,19
khn.org,khn.org,5454716,44
sbnation.com,sbnation.com,14585075,31
pressorg24.com,pressorg24.com,2163962,29
si.com,si.com,3846286,31
ntnews.com.au,ntnews.com.au,4097973,15
iowapublicradio.org,iowapublicradio.org,2125804,59
tenthamendmentcenter.com,tenthamendmentcenter.com,42473240,44
dailyrecord.co.uk,dailyrecord.co.uk,2137620,15
blogspot.com,blogspot.com,5628491,44
thetimes.co.uk,thetimes.co.uk,4683937,53
greatlakesadvocate.com.au,greatlakesadvocate.com.au,2125804,14
newsnet5.com,newsnet5.com,2228667,44
nepszava.hu,nepszava.hu,7678702,50
screencrush.com,screencrush.com,2360792,20
dailyliberal.com.au,dailyliberal.com.au,2260631,14
la-kabylie.com,la-kabylie.com,2712953,44
siouxcityjournal.com,siouxcityjournal.com,10274561,10
telegraf.com.ua,telegraf.com.ua,3707700,29
abqjournal.com,abqjournal.com,2125804,10
manchestereveningnews.co.uk,manchestereveningnews.co.uk,2164418,15
dailykos.com,dailykos.com,2717539,44
itapunta.com,itapunta.com,2282591,60
industrialinfo.com,industrialinfo.com,2171080,28
fremonttribune.com,fremonttribune.com,2136588,10
msn.com,msn.com,11387486,8
wusa9.com,wusa9.com,8789073,34
abc3340.com,abc3340.com,2125804,57
businessinsider.com.au,businessinsider.com.au,2328758,18
meinbezirk.at,meinbezirk.at,2452418,15
news.sciencenet.cn,news.sciencenet.cn,2691435,0
hegnar.no,hegnar.no,2851716,48
home.focus.cn,home.focus.cn,2125804,13
rg.ru,rg.ru,3086166,16
courrierinternational.com,courrierinternational.com,2125804,44
crcconnection.com,crcconnection.com,2474023,31
nbc4i.com,nbc4i.com,2125804,63
vecernji.hr,vecernji.hr,3512330,30
wpsu.org,wpsu.org,7200753,59
consumerreports.org,consumerreports.org,3317993,20
huffingtonpost.gr,huffingtonpost.gr,2199094,53
n1info.com,n1info.com,2624739,30
cnr.cn,cnr.cn,2144556,7
bustle.com,bustle.com,2125804,15
wtvm.com,wtvm.com,12883528,10
aclu.org,aclu.org,2125804,44
txy.hebnews.cn,txy.hebnews.cn,3244806,17
antiwar.com,antiwar.com,2125804,60
news4sanantonio.com,news4sanantonio.com,2246362,57
forward.com,forward.com,2125804,38
metrojacksonville.com,metrojacksonville.com,2157427,44
middleeasteye.net,middleeasteye.net,3575361,53
13wham.com,13wham.com,2125804,57
yicai.com,yicai.com,3095139,7
kwit.org,kwit.org,2133837,59
canada.com,canada.com,2125804,46
celebuzz.com,celebuzz.com,2125804,15
gazetalubuska.pl,gazetalubuska.pl,2125804,42
medicalnewstoday.com,medicalnewstoday.com,2454291,59
blouinnews.com,blouinnews.com,2233326,53
wdam.com,wdam.com,3043486,10
sputniknews.com,sputniknews.com,11278487,8
democracynow.org,democracynow.org,2206423,44
zpravy.idnes.cz,zpravy.idnes.cz,2170144,60
qianlong.com,qianlong.com,15308346,7
unian.net,unian.net,22035830,29
quotidiano.net,quotidiano.net,2125804,35
alaraby.co.uk,alaraby.co.uk,2455375,8
planet.fr,planet.fr,3130594,39
tagesschau.de,tagesschau.de,2394583,52
abcnews4.com,abcnews4.com,2125804,57
vrn.kp.ru,vrn.kp.ru,32506347,3
cornell.edu,cornell.edu,2125804,44
washingtonpost.com,washingtonpost.com,319284353,44
mediaite.com,mediaite.com,2214166,44
wect.com,wect.com,4414687,10
tech.xinmin.cn,tech.xinmin.cn,50526931,1
wafb.com,wafb.com,5492689,10
bravotv.com,bravotv.com,2125804,15
news.com.au,news.com.au,10331543,15
scpr.org,scpr.org,2713027,59
klops.ru,klops.ru,2162768,16
shorouknews.com,shorouknews.com,4349585,8
chel.kp.ru,chel.kp.ru,2132993,3
dr.dk,dr.dk,2462950,53
opb.org,opb.org,3535253,59
444.hu,444.hu,2261136,50
wuwf.org,wuwf.org,6766538,59
lavoixdunord.fr,lavoixdunord.fr,2367052,39
harvard.edu,harvard.edu,2125804,58
motherjones.com,motherjones.com,2762884,44
daily-journal.com,daily-journal.com,2125804,4
pulzo.com,pulzo.com,4190380,41
inquisitr.com,inquisitr.com,13899416,15
space.com,space.com,9043374,20
cknw.com,cknw.com,2636387,46
cbslocal.com,cbslocal.com,3000059,34
statesman.com,statesman.com,5562386,10
itv.com,itv.com,2249612,53
tvp.info,tvp.info,2125804,49
chinanews.com,chinanews.com,3652500,7
colliemail.com.au,colliemail.com.au,2125804,14
wcbe.org,wcbe.org,6728940,59
life.ihned.cz,life.ihned.cz,2660044,21
samsung.com,samsung.com,3844395,34
capradio.org,capradio.org,2136850,59
whitehouse.gov,whitehouse.gov,20372886,44
rustelegraph.ru,rustelegraph.ru,3123980,16
wmot.org,wmot.org,4951810,59
midwestenergynews.com,midwestenergynews.com,2403754,61
delawarepublic.org,delawarepublic.org,2125804,59
townhall.com,townhall.com,5492860,44
ru.golos.ua,ru.golos.ua,4918779,29
newsmaker.md,newsmaker.md,3005725,16
publicradiotulsa.org,publicradiotulsa.org,3898633,59
heraldsun.com.au,heraldsun.com.au,3332887,15
news.online.ua,news.online.ua,2304678,29
jsonline.com,jsonline.com,3178629,12
canadafreepress.com,canadafreepress.com,2212560,44
bloomberg.com,bloomberg.com,3277055,20
thediplomat.com,thediplomat.com,2896193,60
kem.kp.ru,kem.kp.ru,2283205,3
mattinopadova.gelocal.it,mattinopadova.gelocal.it,8751948,35
therealdeal.com,therealdeal.com,3239574,20
euronews.com,euronews.com,3623407,6
timeua.com,timeua.com,2559231,64
ambienteja.info,ambienteja.info,2125804,60
okezone.com,okezone.com,3051532,60
goal.com,goal.com,2347101,20
rferl.org,rferl.org,4348232,61
nydailynews.com,nydailynews.com,5344652,15
slobodnadalmacija.hr,slobodnadalmacija.hr,6138725,30
thenation.com,thenation.com,4518907,44
dzienniklodzki.pl,dzienniklodzki.pl,2125804,42
lakesmail.com.au,lakesmail.com.au,2125804,14
sayidaty.net,sayidaty.net,4258741,8
electronicintifada.net,electronicintifada.net,2125804,38
ibtimes.co.in,ibtimes.co.in,2871976,64
theprovince.com,theprovince.com,4522956,46
cyol.com,cyol.com,2133028,7
trib.com,trib.com,2274770,10
dungogchronicle.com.au,dungogchronicle.com.au,2125804,14
northweststar.com.au,northweststar.com.au,2190935,14
time.com,time.com,26359973,20
zap2it.com,zap2it.com,10414440,9
newstatesman.com,newstatesman.com,2140574,53
rbc.ru,rbc.ru,10992086,16
metro.us,metro.us,2148983,47
amur.kp.ru,amur.kp.ru,2125804,3
bankir.ru,bankir.ru,2497767,16
esperanceexpress.com.au,esperanceexpress.com.au,2125804,14
ad.nl,ad.nl,2125804,55
edmontonsun.com,edmontonsun.com,2401212,9
econotimes.com,econotimes.com,2188663,53
tsn.ua,tsn.ua,11064726,29
juneesoutherncross.com.au,juneesoutherncross.com.au,2660395,14
stamfordadvocate.com,stamfordadvocate.com,6271489,18
wiadomosci.gazeta.pl,wiadomosci.gazeta.pl,7215640,49
rostov.kp.ru,rostov.kp.ru,6212497,3
ifeng.com,ifeng.com,14178564,7
nyheter24.se,nyheter24.se,3394954,48
bzbasel.ch,bzbasel.ch,3072677,52
vladnews.ru,vladnews.ru,3093667,16
stav.kp.ru,stav.kp.ru,6270399,3
phillymag.com,phillymag.com,3728736,47
legalinsurrection.com,legalinsurrection.com,2179872,44
torontosun.com,torontosun.com,4921295,9
govconwire.com,govconwire.com,4703835,28
interfax.com.ua,interfax.com.ua,6294379,29
kansascity.com,kansascity.com,2627371,62
techworld.com.au,techworld.com.au,16382111,37
chinatimes.com,chinatimes.com,2125804,11
gdansk.naszemiasto.pl,gdansk.naszemiasto.pl,2616507,42
prnewswire.com,prnewswire.com,6704534,20
mercedsunstar.com,mercedsunstar.com,2634140,62
ctpost.com,ctpost.com,2294704,18
liverpoolecho.co.uk,liverpoolecho.co.uk,2431375,15
domaci.ihned.cz,domaci.ihned.cz,4003723,21
lawstreetmedia.com,lawstreetmedia.com,2145957,44
goldseek.com,goldseek.com,2136828,20
morningledger.com,morningledger.com,2466588,15
businesswire.com,businesswire.com,2776657,20
afp.com,afp.com,2125804,16
tornosnews.gr,tornosnews.gr,2125804,6
wsbt.com,wsbt.com,13408370,57
cinemablend.com,cinemablend.com,2125804,20
news.xmnn.cn,news.xmnn.cn,2430428,7
idg.com.au,idg.com.au,2456829,37
vulture.com,vulture.com,5074403,20
tass.com,tass.com,2708778,16
indiewire.com,indiewire.com,2227882,20
biologynews.net,biologynews.net,2170378,10
wsj.com,wsj.com,199211154,20
ca-news.org,ca-news.org,5319442,24
macrumors.com,macrumors.com,2210241,20
legitgov.org,legitgov.org,2180608,60
benzinga.com,benzinga.com,2125804,20
armidaleexpress.com.au,armidaleexpress.com.au,2125804,14
rfi.fr,rfi.fr,2214394,8
nationalmemo.com,nationalmemo.com,2241307,44
heise.de,heise.de,3518075,52
techcrunch.com,techcrunch.com,6164613,20
heavy.com,heavy.com,2413167,44
peconicpublicbroadcasting.org,peconicpublicbroadcasting.org,3604593,59
tumen.kp.ru,tumen.kp.ru,15557838,3
640toronto.com,640toronto.com,2125804,46
apostrophe.ua,apostrophe.ua,2125804,29
standard.co.uk,standard.co.uk,3318391,53
glavred.info,glavred.info,2191074,29
wokv.com,wokv.com,23026834,10
al-monitor.com,al-monitor.com,2125804,53
abc13.com,abc13.com,2125804,31
aftenbladet.no,aftenbladet.no,2125804,48
voiceofsandiego.org,voiceofsandiego.org,4366409,44
latercera.com,latercera.com,4064972,8
newsy.com,newsy.com,4737837,44
jezebel.com,jezebel.com,3171918,40
vg.hu,vg.hu,4465387,50
eater.com,eater.com,2854189,61
newsmax.com,newsmax.com,3357024,44
sheknows.com,sheknows.com,3004159,15
einnews.com,einnews.com,2631674,28
penza.kp.ru,penza.kp.ru,3016119,3
autohome.com.cn,autohome.com.cn,2125804,7
aceshowbiz.com,aceshowbiz.com,2125804,15
planalto.gov.br,planalto.gov.br,2125804,54
mig.com.ua,mig.com.ua,2286544,29
e-svet.e15.cz,e-svet.e15.cz,2506804,25
afr.com,afr.com,2125804,14
podrobnosti.ua,podrobnosti.ua,2409472,29
tech.gmw.cn,tech.gmw.cn,33282612,0
nfl.com,nfl.com,3393303,31
jamanetwork.com,jamanetwork.com,2125804,59
thekievtimes.ua,thekievtimes.ua,4335104,29
travel.hebnews.cn,travel.hebnews.cn,2708608,17
prawo.gazetaprawna.pl,prawo.gazetaprawna.pl,5681539,27
wdbj7.com,wdbj7.com,3932483,65
minfin.com.ua,minfin.com.ua,3201535,60
byznys.ihned.cz,byznys.ihned.cz,4114132,21
laist.com,laist.com,2667524,44
dziennikbaltycki.pl,dziennikbaltycki.pl,2125804,42
wfdd.org,wfdd.org,9739901,59
wyborcza.biz,wyborcza.biz,8865510,49
24sata.hr,24sata.hr,2125804,30
sltrib.com,sltrib.com,4079140,44
aktiv.origo.hu,aktiv.origo.hu,2125804,53
nzherald.co.nz,nzherald.co.nz,2578643,15
vgolos.com.ua,vgolos.com.ua,17582825,29
examiner.com.au,examiner.com.au,2125804,14
euractiv.com,euractiv.com,2226684,26
gurufocus.com,gurufocus.com,2125804,12
trend.az,trend.az,9941653,16
objectiv.tv,objectiv.tv,4044358,29
mubasher.info,mubasher.info,2532646,8
abc7chicago.com,abc7chicago.com,2197498,31
brasilpost.com.br,brasilpost.com.br,2604042,54
index.hu,index.hu,7625581,50
rtlnieuws.nl,rtlnieuws.nl,2236542,8
digitaltrends.com,digitaltrends.com,2135799,20
infoworld.com,infoworld.com,2470830,37
indiatoday.intoday.in,indiatoday.intoday.in,2773702,64
zpravy.aktualne.cz,zpravy.aktualne.cz,4896220,5
bd.hebnews.cn,bd.hebnews.cn,2416163,17
serwisy.gazetaprawna.pl,serwisy.gazetaprawna.pl,16548656,27
elsemanario.com,elsemanario.com,2150890,60
newsit.com.cy,newsit.com.cy,2450080,6
baltimoresun.com,baltimoresun.com,2125804,44
vancouversun.com,vancouversun.com,9276512,46
dailyfx.com,dailyfx.com,2125804,12
albawaba.com,albawaba.com,2859431,8
local8now.com,local8now.com,2125804,65
house.xinmin.cn,house.xinmin.cn,4221638,1
junkee.com,junkee.com,2166323,14
kltv.com,kltv.com,2145215,10
credit.com,credit.com,2354797,10
artforum.com,artforum.com,2125804,53
patheos.com,patheos.com,3231214,36
vanityfair.com,vanityfair.com,7025404,15
wickedlocal.com,wickedlocal.com,3473962,58
huffingtonpost.kr,huffingtonpost.kr,2273277,44
globalnews.ca,globalnews.ca,5662535,46
lacrossetribune.com,lacrossetribune.com,2337990,12
gothamist.com,gothamist.com,3415071,15
abc2news.com,abc2news.com,2125804,44
politico.eu,politico.eu,2602347,60
ec.europa.eu,ec.europa.eu,2125804,26
thewrap.com,thewrap.com,13684949,18
washingtontimes.com,washingtontimes.com,8927011,44
rollcall.com,rollcall.com,2553166,44
svopi.ru,svopi.ru,2369296,16
mignews.com.ua,mignews.com.ua,2216656,29
thehour.com,thehour.com,3897292,18
tvguide.com,tvguide.com,5058171,34
instyle.com,instyle.com,2184283,20
vesti-ukr.com,vesti-ukr.com,18093391,29
pr.com,pr.com,2590500,28
cnyes.com,cnyes.com,2125804,11
weaa.org,weaa.org,7160200,59
krcu.org,krcu.org,2134841,59
wypr.org,wypr.org,7348968,59
scienceworldreport.com,scienceworldreport.com,6583413,20
techweb.com.cn,techweb.com.cn,6497328,7
appledaily.com.tw,appledaily.com.tw,2125804,11
thehollywoodgossip.com,thehollywoodgossip.com,4164810,15
kawc.org,kawc.org,2125804,59
tvn24.pl,tvn24.pl,2125804,49
ocregister.com,ocregister.com,2323442,44
rusdialog.ru,rusdialog.ru,3415191,64
portnews.com.au,portnews.com.au,2715936,14
hbr.org,hbr.org,2374567,20
westernadvocate.com.au,westernadvocate.com.au,29651442,14
journal-news.com,journal-news.com,2440967,10
palmbeachdailynews.com,palmbeachdailynews.com,2174197,10
nationalpost.com,nationalpost.com,4396484,46
cnsnews.com,cnsnews.com,2137307,44
seekingalpha.com,seekingalpha.com,18556554,20
armenpress.am,armenpress.am,2125804,16
soompi.com,soompi.com,2180694,15
aif.ru,aif.ru,2125804,16
milehighreport.com,milehighreport.com,2125804,31
etcanada.com,etcanada.com,2125804,20
welt.de,welt.de,19610953,52
interfax.ru,interfax.ru,9272911,16
world.hebnews.cn,world.hebnews.cn,10195977,17
news.xinmin.cn,news.xinmin.cn,3791994,1
nme.com,nme.com,3135512,34
pennlive.com,pennlive.com,2263986,47
shm.com.cn,shm.com.cn,7058075,0
24smi.org,24smi.org,2125804,16
almasryalyoum.com,almasryalyoum.com,2153879,8
geenstijl.nl,geenstijl.nl,2125804,55
huffingtonpost.it,huffingtonpost.it,2454943,35
fx168.com,fx168.com,2968657,7
derstandard.at,derstandard.at,3543715,52
kplctv.com,kplctv.com,3954732,10
eju.tv,eju.tv,2141307,8
dallasnews.com,dallasnews.com,2254488,18
nesn.com,nesn.com,2270567,31
ottawasun.com,ottawasun.com,2332151,9
sverigesradio.se,sverigesradio.se,3672051,48
stereogum.com,stereogum.com,5456606,34
nationalinterest.org,nationalinterest.org,2125804,8
daytondailynews.com,daytondailynews.com,2197252,10
birminghammail.co.uk,birminghammail.co.uk,2125804,15
dziennikpolski24.pl,dziennikpolski24.pl,2125804,42
krsk.kp.ru,krsk.kp.ru,3070381,3
wtoc.com,wtoc.com,2766188,10
diariocatolico.net,diariocatolico.net,2142857,44
espreso.tv,espreso.tv,2472155,29
xmnn.cn,xmnn.cn,7922503,0
fontanka.ru,fontanka.ru,2125804,16
fusion.net,fusion.net,2150608,44
vox.com,vox.com,13653565,44
thomsonreuters.com,thomsonreuters.com,3214332,60
sciencerecorder.com,sciencerecorder.com,2755315,20
sanluisobispo.com,sanluisobispo.com,3514081,62
bna.com,bna.com,2894335,62
lagaceta.com.ar,lagaceta.com.ar,4821980,22
gazeta.a42.ru,gazeta.a42.ru,2125804,16
austin360.com,austin360.com,2125804,10
leadercall.com,leadercall.com,2343834,44
health.gmw.cn,health.gmw.cn,3723996,0
forbes.kz,forbes.kz,2125804,16
edenmagnet.com.au,edenmagnet.com.au,2277115,14
france24.com,france24.com,2227767,8
sgvtribune.com,sgvtribune.com,10689127,51
theguardian.com,theguardian.com,129946134,53
greenwichtime.com,greenwichtime.com,2927845,18
tula.kp.ru,tula.kp.ru,15092777,3
spin.com,spin.com,2882888,34
washingtonexaminer.com,washingtonexaminer.com,9987577,44
dnaindia.com,dnaindia.com,2125804,64
lb.ua,lb.ua,2186286,29
corriere.it,corriere.it,2224650,35
alalam.ir,alalam.ir,2138282,8
complex.com,complex.com,2125804,20
udn.com,udn.com,11314836,11
svd.se,svd.se,3215883,48
madison.com,madison.com,6382137,12
xn--b1ae2adf4f.xn--p1ai,xn--b1ae2adf4f.xn--p1ai,3643451,16
wonkette.com,wonkette.com,6144138,44
klcc.org,klcc.org,2133837,59
kasu.org,kasu.org,2134841,59
3yonnews.com,3yonnews.com,2181954,8
bnat.co,bnat.co,2274860,8
boston.com,boston.com,2125804,44
1prime.ru,1prime.ru,2125804,16
vocativ.com,vocativ.com,3873158,44
thehindu.com,thehindu.com,11264295,64
spectator.co.uk,spectator.co.uk,2137620,53
dailysignal.com,dailysignal.com,2539680,44
almashhad-alyemeni.com,almashhad-alyemeni.com,2158815,8
wprl.org,wprl.org,6975082,59
pinstripealley.com,pinstripealley.com,2982665,31
blogtalkradio.com,blogtalkradio.com,2241503,44
ryb.ru,ryb.ru,2340322,16
nvi.com.au,nvi.com.au,2329342,14
theepochtimes.com,theepochtimes.com,3026809,44
reliefweb.int,reliefweb.int,3118721,38
nymag.com,nymag.com,3431966,44
theindychannel.com,theindychannel.com,2583909,44
gizmodo.com.au,gizmodo.com.au,2239677,40
macworld.co.uk,macworld.co.uk,3432596,20
billboard.com,billboard.com,2177941,34
lastampa.it,lastampa.it,2445332,35
zahranicni.ihned.cz,zahranicni.ihned.cz,18687874,21
radiosvoboda.org,radiosvoboda.org,4401723,29
almanar.com.lb,almanar.com.lb,2558491,44
zjk.hebnews.cn,zjk.hebnews.cn,13599411,17
inform.kz,inform.kz,4298134,16
theherald.com.au,theherald.com.au,25095283,14
nationalreview.com,nationalreview.com,2517635,44
wptv.com,wptv.com,2582359,44
20minutes.fr,20minutes.fr,2125804,39
politifact.com,politifact.com,3582287,44
deathandtaxesmag.com,deathandtaxesmag.com,2144407,44
defenseone.com,defenseone.com,2125804,44
wrvo.org,wrvo.org,5434875,59
tagesspiegel.de,tagesspiegel.de,2628566,52
wvasfm.org,wvasfm.org,7005012,59
abc.net.au,abc.net.au,2396806,15
capital.gr,capital.gr,2125804,6
kpic.com,kpic.com,2968391,57
jadaliyya.com,jadaliyya.com,6010385,53
catholicnewsagency.com,catholicnewsagency.com,2125804,36
stmarysstar.com.au,stmarysstar.com.au,5231458,14
jalopnik.com,jalopnik.com,3724322,40
insideedition.com,insideedition.com,2211944,20
slawyanka.info,slawyanka.info,2380569,16
mcclatchydc.com,mcclatchydc.com,6030614,62
teleport2001.ru,teleport2001.ru,4884416,16
news24.com.ng,news24.com.ng,2877280,43
fox25boston.com,fox25boston.com,2219614,10
dire.it,dire.it,2125804,35
nen.com.cn,nen.com.cn,2565860,1
huffingtonpost.ca,huffingtonpost.ca,7293100,46
guancha.gmw.cn,guancha.gmw.cn,5538188,0
foxnews.com,foxnews.com,6488665,44
wwmt.com,wwmt.com,14085194,57
seventy-news.com,seventy-news.com,4010385,8
politiken.dk,politiken.dk,3172418,53
stuff.co.nz,stuff.co.nz,2659475,15
nationalgeographic.com,nationalgeographic.com,2528122,20
volynpost.com,volynpost.com,7360085,29
nypost.com,nypost.com,6312062,15
rns.online,rns.online,3729627,16
bizpacreview.com,bizpacreview.com,2125804,44
abcnyheter.no,abcnyheter.no,2125804,48
wtol.com,wtol.com,2940951,10
sohu.com,sohu.com,3375855,7
sandiegouniontribune.com,sandiegouniontribune.com,3812421,44
chinatopix.com,chinatopix.com,2125804,60
masslive.com,masslive.com,2378216,44
e24.no,e24.no,2670241,48
realtor.com,realtor.com,4919683,34
kurierlubelski.pl,kurierlubelski.pl,2125804,42
forbes.com,forbes.com,4472655,20
expressilustrowany.pl,expressilustrowany.pl,2125804,42
tribune.com.pk,tribune.com.pk,3894997,64
wkbw.com,wkbw.com,11869996,44
dailycamera.com,dailycamera.com,2125804,44
australianetworknews.com,australianetworknews.com,2173690,15
sfchronicle.com,sfchronicle.com,2237141,18
wetpaint.com,wetpaint.com,5205112,15
examiner.com,examiner.com,2401455,34
gazeta.ru,gazeta.ru,2391617,16
nytimes.com,nytimes.com,103451556,44
lemonde.fr,lemonde.fr,3993909,39
wsmv.com,wsmv.com,8278070,10
wfaa.com,wfaa.com,5402542,34
saratov.kp.ru,saratov.kp.ru,6244552,3
wkrn.com,wkrn.com,3932483,63
estadao.com.br,estadao.com.br,2505442,54
burytimes.co.uk,burytimes.co.uk,2125804,56
ettoday.net,ettoday.net,2125804,11
eurointegration.com.ua,eurointegration.com.ua,2336855,29
durangoherald.com,durangoherald.com,2125804,58
kazan.kp.ru,kazan.kp.ru,2285442,3
computerworld.com,computerworld.com,3411287,37
motofakty.pl,motofakty.pl,3260581,42
hronika.info,hronika.info,3337982,29
thecourier.com.au,thecourier.com.au,12755192,14
dailybreeze.com,dailybreeze.com,2125804,51
business-standard.com,business-standard.com,2125804,64
blacktownsun.com.au,blacktownsun.com.au,2125804,14
tass.ru,tass.ru,120026100,3
azcentral.com,azcentral.com,2125804,34
ksmu.org,ksmu.org,2147244,59
elpais.com,elpais.com,4307876,8
kwbu.org,kwbu.org,2147244,59
wsfa.com,wsfa.com,3281048,10
sciencedaily.com,sciencedaily.com,4374653,20
abc22now.com,abc22now.com,2125804,57
entrepreneur.com,entrepreneur.com,3152114,18
borsonline.hu,borsonline.hu,2781024,50
telegraaf.nl,telegraaf.nl,8918941,55
jiaodong.net,jiaodong.net,2185739,1
news.focus.cn,news.focus.cn,6450279,13
hebei.hebnews.cn,hebei.hebnews.cn,6409725,17
ruskarec.ru,ruskarec.ru,2930245,16
gazzettadimantova.gelocal.it,gazzettadimantova.gelocal.it,2125804,35
thestar.com,thestar.com,3274917,46
fastcompany.com,fastcompany.com,2200756,20
journaltimes.com,journaltimes.com,2134431,12
camdenadvertiser.com.au,camdenadvertiser.com.au,2125804,14
izh.kp.ru,izh.kp.ru,2252277,3
kanw.com,kanw.com,2125804,59
yourwestvalley.com,yourwestvalley.com,11122907,34
consumerist.com,consumerist.com,2136041,20
presstelegram.com,presstelegram.com,3372676,51
freebeacon.com,freebeacon.com,2265562,44
punchng.com,punchng.com,6377861,43
nba.com,nba.com,3898683,31
taihainet.com,taihainet.com,2387084,7
dagblog.com,dagblog.com,2328959,44
walb.com,walb.com,2682629,10
senado.leg.br,senado.leg.br,3275508,54
thesun.co.uk,thesun.co.uk,24573234,15
people.com,people.com,17041023,15
vz.ru,vz.ru,5554446,16
begadistrictnews.com.au,begadistrictnews.com.au,2322571,14
care2.com,care2.com,2125804,44
abc6onyourside.com,abc6onyourside.com,2125804,57
mlbtraderumors.com,mlbtraderumors.com,4646293,31
newsok.com,newsok.com,2490826,44
motortrend.com,motortrend.com,2125804,8
newsweek.com,newsweek.com,2556863,53
dnainfo.com,dnainfo.com,2401801,61
hotair.com,hotair.com,2278908,44
newizv.ru,newizv.ru,2329918,16
yznews.com.cn,yznews.com.cn,4224148,0
ilgiornale.it,ilgiornale.it,2390530,35
napi.hu,napi.hu,4067067,50
24tv.ua,24tv.ua,2125804,29
etftrends.com,etftrends.com,2125804,12
wjsu.org,wjsu.org,6781980,59
dn.no,dn.no,2472323,48
nextbigfuture.com,nextbigfuture.com,3662622,20
portfolio.hu,portfolio.hu,4537026,50
express.co.uk,express.co.uk,2444049,53
nnov.kp.ru,nnov.kp.ru,3067778,3
wftv.com,wftv.com,5403864,10
parentherald.com,parentherald.com,2841392,15
multi-news.gr,multi-news.gr,8416740,6
people.com.cn,people.com.cn,6815632,7
fjsen.com,fjsen.com,3470305,7
itworld.com,itworld.com,3793561,37
nv.ua,nv.ua,4904991,29
theconversation.com,theconversation.com,28657063,53
news965.com,news965.com,2289025,10
vestifinance.ru,vestifinance.ru,14148212,16
melty.fr,melty.fr,2232598,31
tvc.ru,tvc.ru,5869381,16
mandurahmail.com.au,mandurahmail.com.au,2125804,14
independentaustralia.net,independentaustralia.net,2192108,15
cvbugle.com,cvbugle.com,2567436,19
news.makedonias.gr,news.makedonias.gr,2341763,6
talks.su,talks.su,7519152,16
epaper.jinghua.cn,epaper.jinghua.cn,2221331,7
10news.com,10news.com,2125804,44
theverge.com,theverge.com,11567717,20
morningnewsusa.com,morningnewsusa.com,2219875,31
sabq.org,sabq.org,21339056,8
theartnewspaper.com,theartnewspaper.com,4383121,53
nieuwsbank.nl,nieuwsbank.nl,2239141,20
businessinsider.in,businessinsider.in,2441371,18
philly.com,philly.com,4891581,47
bombalatimes.com.au,bombalatimes.com.au,2215215,14
digiarena.e15.cz,digiarena.e15.cz,2125804,25
peru.com,peru.com,2663086,15
tahrirnews.com,tahrirnews.com,5377218,8
dzwww.com,dzwww.com,2166533,1
investorplace.com,investorplace.com,2403432,12
todaysknuckleball.com,todaysknuckleball.com,6954318,31
bfmtv.com,bfmtv.com,2206491,39
cnbeta.com,cnbeta.com,2327565,7
huanqiu.com,huanqiu.com,16422673,7
dailycaller.com,dailycaller.com,3103235,44
magseriesusa.net,magseriesusa.net,2768491,31
ukrinform.ua,ukrinform.ua,17335004,29
wtsp.com,wtsp.com,10706574,34
kacu.org,kacu.org,2134841,59
carbonated.tv,carbonated.tv,2125804,44
bt.dk,bt.dk,2125804,15
etvradio.org,etvradio.org,2125804,59
wbur.org,wbur.org,8851034,44
jdsupra.com,jdsupra.com,2265857,20
chip.de,chip.de,2125804,52
srf.ch,srf.ch,3099883,52
fox13memphis.com,fox13memphis.com,2160067,10
gazetawroclawska.pl,gazetawroclawska.pl,2125804,42
avonadvocate.com.au,avonadvocate.com.au,2125804,14
