label,id
31.media.tumblr.com,31.media.tumblr.com
activistpost.com,activistpost.com
advocate.com,advocate.com
alternet.org,alternet.org
attitude.co.uk,attitude.co.uk
bbc.co.uk,bbc.co.uk
bbc.com,bbc.com
berniesanders.com,berniesanders.com
bigstory.ap.org,bigstory.ap.org
breitbart.com,breitbart.com
businessinsider.com,businessinsider.com
buzzfeed.com,buzzfeed.com
cbc.ca,cbc.ca
cnbc.com,cnbc.com
cnn.com,cnn.com
cotwa.info,cotwa.info
countercurrentnews.com,countercurrentnews.com
dailycaller.com,dailycaller.com
dailymail.co.uk,dailymail.co.uk
dailywire.com,dailywire.com
deadstate.org,deadstate.org
democracynow.org,democracynow.org
forbes.com,forbes.com
foxnews.com,foxnews.com
go.berniesanders.com,go.berniesanders.com
gp.org,gp.org
greenpartywatch.org,greenpartywatch.org
guardian.co.uk,guardian.co.uk
hotair.com,hotair.com
huffingtonpost.com,huffingtonpost.com
ijr.com,ijr.com
independent.co.uk,independent.co.uk
inquisitr.com,inquisitr.com
jacobinmag.com,jacobinmag.com
jill2016.com,jill2016.com
jillstein.org,jillstein.org
lgbtqnation.com,lgbtqnation.com
mediaite.com,mediaite.com
motherjones.com,motherjones.com
nationalreview.com,nationalreview.com
newnownext.com,newnownext.com
nymag.com,nymag.com
nypost.com,nypost.com
nytimes.com,nytimes.com
patheos.com,patheos.com
pinknews.co.uk,pinknews.co.uk
politico.com,politico.com
politicususa.com,politicususa.com
politifact.com,politifact.com
rawstory.com,rawstory.com
realclearpolitics.com,realclearpolitics.com
reason.com,reason.com
reuters.com,reuters.com
rt.com,rt.com
salon.com,salon.com
slate.com,slate.com
telegraph.co.uk,telegraph.co.uk
telesurtv.net,telesurtv.net
theantimedia.org,theantimedia.org
theblaze.com,theblaze.com
thecollegefix.com,thecollegefix.com
thefederalist.com,thefederalist.com
thefreethoughtproject.com,thefreethoughtproject.com
thegatewaypundit.com,thegatewaypundit.com
theguardian.com,theguardian.com
thehill.com,thehill.com
theintercept.com,theintercept.com
thelastamericanvagabond.com,thelastamericanvagabond.com
thelibertarianrepublic.com,thelibertarianrepublic.com
thenation.com,thenation.com
thenewcivilrightsmovement.com,thenewcivilrightsmovement.com
thinkprogress.org,thinkprogress.org
towleroad.com,towleroad.com
truth-out.org,truth-out.org
truthdig.com,truthdig.com
usuncut.com,usuncut.com
vesselnews.io,vesselnews.io
vox.com,vox.com
washingtonexaminer.com,washingtonexaminer.com
washingtonpost.com,washingtonpost.com
washingtonsblog.com,washingtonsblog.com
washingtontimes.com,washingtontimes.com
wikileaks.org,wikileaks.org
yournewswire.com,yournewswire.com
zerohedge.com,zerohedge.com
